<?xml version="1.0" encoding="UTF-8" standalone="no" ?>
<lom xmlns="http://www.imsglobal.org/xsd/imsmd_rootv1p2p1"

  xmlns:xsi="http://www.w3.org/2001/XMLSchema-instance"

  xsi:schemaLocation="http://www.imsglobal.org/xsd/imsmd_rootv1p2p1 imsmd_rootv1p2p1.xsd">
  <general>
    <title>
    <langstring xml:lang="en-US">CONTINUIDAD DEL NEGOCIO
</langstring>
    </title>
    <catalogentry>
      <catalog>CONTINUIDAD DEL NEGOCIO
</catalog>
      <entry>
        <langstring xml:lang="en-US">CONTINUIDAD DEL NEGOCIO
</langstring>
      </entry>
    </catalogentry>
    <language>en-US</language>
    <description>
      <langstring xml:lang="en-US">CONTINUIDAD DEL NEGOCIO
</langstring>
    </description>
    <keyword>
    <langstring xml:lang="en-US">CONTINUIDAD DEL NEGOCIO
</langstring>
    </keyword>
    <aggregationlevel>
      <source>
      <langstring xml:lang="x-none">LOMv1.0</langstring>
      </source>
      <value>
        <langstring xml:lang="x-none">3</langstring>
      </value>
    </aggregationlevel>
  </general>
  <lifecycle>
    <version>
      <langstring xml:lang="x-none">CONTINUIDAD DEL NEGOCIO
</langstring>
    </version>
    <status>
      <source>
      <langstring xml:lang="x-none">LOMv1.0</langstring>
      </source>
      <value>
        <langstring xml:lang="x-none">Final</langstring>
      </value>
    </status>
    <contribute>
      <role>
        <source>
        <langstring xml:lang="x-none">LOMv1.0</langstring>
        </source>
        <value>
          <langstring xml:lang="x-none">Author</langstring>
        </value>
      </role>
      <centity>
        <vcard>BEGIN:vCard ORG: END:vCard</vcard>
      </centity>
      <date>
        <datetime>2013-09-9</datetime>
      </date>
    </contribute>
  </lifecycle>
  <metametadata>
    <metadatascheme>ADL SCORM 1.2</metadatascheme>
    <language>en-US</language>
  </metametadata>
  <technical>
    <format>text/html</format>
    <location type="URI">.</location>
  </technical>
  <educational>
    <learningresourcetype>
      <source>
      <langstring xml:lang="x-none">LOMv1.0</langstring>
      </source>
      <value>
        <langstring xml:lang="x-none"></langstring>
      </value>
    </learningresourcetype>
  </educational>
  <rights>
    <cost>
      <source>
      <langstring xml:lang="x-none">LOMv1.0</langstring>
      </source>
      <value>
        <langstring xml:lang="x-none">yes</langstring>
      </value>
    </cost>
    <copyrightandotherrestrictions>
      <source>
      <langstring xml:lang="x-none">LOMv1.0</langstring>
      </source>
      <value>
        <langstring xml:lang="x-none">yes</langstring>
      </value>
    </copyrightandotherrestrictions>
    <description>
      <langstring xml:lang="en-US">Didacsis</langstring>
    </description>
  </rights>
  <classification>
    <purpose>
      <source>
      <langstring xml:lang="x-none">LOMv1.0</langstring>
      </source>
      <value>
        <langstring xml:lang="x-none"></langstring>
      </value>
    </purpose>
    <description>
      <langstring xml:lang="en-US">CONTINUIDAD DEL NEGOCIO
</langstring>
    </description>
    <keyword>
    <langstring xml:lang="en-US">CONTINUIDAD DEL NEGOCIO
</langstring>
    </keyword> </classification>
</lom>
